,Weeks,January,February,March,April,May,June,July,August,September,October,November,December
0,Week1,-0.33248634913770614,9.750479846449123,-3.9764453961456114,14.475383952920918,-2.389403514847188,7.710874531270218,1.1628919860627196,3.369265722434389,-1.3502202643171812,-6.172051346359919,2.4375000000000036,4.8025751072961365
1,Week2,2.7339901477832607,5.296869534802373,-3.844393592677342,-4.650862068965522,2.359649122807017,-4.849206349206348,-9.968100269224689,1.8518518518518379,-4.486666666666661,-4.237451737451736,2.953101623989074,9.959457799254668
2,Week3,3.405194805194811,4.593331917604582,-4.000601217465372,3.6121886140944914,2.798971281611662,-0.41508638853771096,2.6011414717915127,3.5969738651994376,-3.3241379310344876,7.49092201823216,0.35591685445317545,-2.871086556169422
3,Week4,-2.5700000000000056,-5.098415550473712,14.250398285996813,3.636956521739143,-2.9777682770414704,-3.0262045646661018,0.9515655577299276,2.178462080662591,3.50087640342982,5.655660377358496,-3.04519080089789,1.0623818525519857
4,Week5,6.504754561809323,,-0.6130691926720222,,,-0.1852336122733611,,-2.064030623341606,,,,2.8909696755337944
